[{"pk": 1, "model": "contenttypes.contenttype", "fields": {"app_label": "admin", "model": "logentry"}}, {"pk": 2, "model": "contenttypes.contenttype", "fields": {"app_label": "auth", "model": "permission"}}, {"pk": 3, "model": "contenttypes.contenttype", "fields": {"app_label": "auth", "model": "group"}}, {"pk": 4, "model": "contenttypes.contenttype", "fields": {"app_label": "auth", "model": "user"}}, {"pk": 5, "model": "contenttypes.contenttype", "fields": {"app_label": "contenttypes", "model": "contenttype"}}, {"pk": 6, "model": "contenttypes.contenttype", "fields": {"app_label": "sessions", "model": "session"}}, {"pk": 7, "model": "contenttypes.contenttype", "fields": {"app_label": "blog", "model": "post"}}, {"pk": 8, "model": "contenttypes.contenttype", "fields": {"app_label": "blog", "model": "job"}}, {"pk": 9, "model": "contenttypes.contenttype", "fields": {"app_label": "blog", "model": "event"}}, {"pk": 12, "model": "contenttypes.contenttype", "fields": {"app_label": "blog", "model": "employee"}}, {"pk": 14, "model": "contenttypes.contenttype", "fields": {"app_label": "blog", "model": "team"}}, {"pk": 18, "model": "contenttypes.contenttype", "fields": {"app_label": "blog", "model": "comment"}}, {"pk": 19, "model": "contenttypes.contenttype", "fields": {"app_label": "blog", "model": "pbi"}}, {"pk": 20, "model": "contenttypes.contenttype", "fields": {"app_label": "blog", "model": "task"}}, {"pk": 21, "model": "contenttypes.contenttype", "fields": {"app_label": "blog", "model": "update"}}, {"pk": "0aptyjhdp54zjeixn95zm0gk5vcm6afs", "model": "sessions.session", "fields": {"session_data": "N2M5OGVhOWE2ZGUwZjk5MDJiNzYyNjJiZjYwNWZkNzcwNjQxMzY3MDp7Il9hdXRoX3VzZXJfYmFja2VuZCI6ImRqYW5nby5jb250cmliLmF1dGguYmFja2VuZHMuTW9kZWxCYWNrZW5kIiwiX2F1dGhfdXNlcl9pZCI6IjEiLCJfYXV0aF91c2VyX2hhc2giOiJjNzk0Y2JiYzViZTgxMzM0MzEwNGZhMTM5OTU2ZTdmM2YzOGZlZjM1In0=", "expire_date": "2015-08-06T01:35:11.926Z"}}, {"pk": "3bb5ag6x790tl2xyqft00qaj3kkvtbqn", "model": "sessions.session", "fields": {"session_data": "YjE5YTE0ZWEzMWIyMGM4YTg4ZjYwYTdmZDBjYmFiNzdkMmMzZjRiZjp7Il9hdXRoX3VzZXJfaGFzaCI6ImM3OTRjYmJjNWJlODEzMzQzMTA0ZmExMzk5NTZlN2YzZjM4ZmVmMzUiLCJfYXV0aF91c2VyX2lkIjoiMSIsIl9hdXRoX3VzZXJfYmFja2VuZCI6ImRqYW5nby5jb250cmliLmF1dGguYmFja2VuZHMuTW9kZWxCYWNrZW5kIn0=", "expire_date": "2015-08-24T23:32:47.771Z"}}, {"pk": "3d6zj49hrvapj9z3edw0hsw8dnkt14go", "model": "sessions.session", "fields": {"session_data": "ZjI0ZThkM2EzYjRiZmE3ZDhkOTc2MWIzZWI2MDQ5YjE3MzQ0ZDI5MTp7Il9hdXRoX3VzZXJfaGFzaCI6IjhiZjA2ZjM1MWQ3MWM4ZGVjYjViYjkzYjJhZDNlNTUzMTJjMTc4ZmUiLCJfYXV0aF91c2VyX2JhY2tlbmQiOiJkamFuZ28uY29udHJpYi5hdXRoLmJhY2tlbmRzLk1vZGVsQmFja2VuZCIsIl9hdXRoX3VzZXJfaWQiOiI2In0=", "expire_date": "2015-08-11T23:51:46.879Z"}}, {"pk": "6mquu7leaszprsp8hraivlu9cz1qtrir", "model": "sessions.session", "fields": {"session_data": "MGFlYzUwMjFkN2E2NTQwYTZiNjA0ZThjYzNiNDNiNDFmNmU0MGJlYjp7Il9hdXRoX3VzZXJfYmFja2VuZCI6ImRqYW5nby5jb250cmliLmF1dGguYmFja2VuZHMuTW9kZWxCYWNrZW5kIiwiX2F1dGhfdXNlcl9oYXNoIjoiNDkyZGY4NjBhZDllYzZmNjNhOTBmZTcxNDVlOTdmNTY4MDMyMmUyMCIsIl9hdXRoX3VzZXJfaWQiOiI5In0=", "expire_date": "2015-08-27T01:13:09.718Z"}}, {"pk": "7dfwws3b4ihkq1bpmkv5e1mjawlpghwq", "model": "sessions.session", "fields": {"session_data": "ZWQxYzQ0ZGQzMTY4OTVjOWE3MGE2YWE1NGQ3NjQzNjhmNGRiMmUxOTp7Il9hdXRoX3VzZXJfaWQiOiIxIiwiX2F1dGhfdXNlcl9iYWNrZW5kIjoiZGphbmdvLmNvbnRyaWIuYXV0aC5iYWNrZW5kcy5Nb2RlbEJhY2tlbmQiLCJfYXV0aF91c2VyX2hhc2giOiJjNzk0Y2JiYzViZTgxMzM0MzEwNGZhMTM5OTU2ZTdmM2YzOGZlZjM1In0=", "expire_date": "2015-08-11T00:18:47.152Z"}}, {"pk": "96u7i0qtrag1wmaahob0nwbgwdeiknnt", "model": "sessions.session", "fields": {"session_data": "YjE5YTE0ZWEzMWIyMGM4YTg4ZjYwYTdmZDBjYmFiNzdkMmMzZjRiZjp7Il9hdXRoX3VzZXJfaGFzaCI6ImM3OTRjYmJjNWJlODEzMzQzMTA0ZmExMzk5NTZlN2YzZjM4ZmVmMzUiLCJfYXV0aF91c2VyX2lkIjoiMSIsIl9hdXRoX3VzZXJfYmFja2VuZCI6ImRqYW5nby5jb250cmliLmF1dGguYmFja2VuZHMuTW9kZWxCYWNrZW5kIn0=", "expire_date": "2015-07-09T04:55:17.621Z"}}, {"pk": "c4d0kk2i04p50bhr3wn999joobvf2w6k", "model": "sessions.session", "fields": {"session_data": "Mjc2OGNjYTEzMGJmNzJlYWFkNDM0OTNkYmM0NjAyZjUxOGQzZjJkYjp7Il9hdXRoX3VzZXJfYmFja2VuZCI6ImRqYW5nby5jb250cmliLmF1dGguYmFja2VuZHMuTW9kZWxCYWNrZW5kIiwiX2F1dGhfdXNlcl9oYXNoIjoiYzc5NGNiYmM1YmU4MTMzNDMxMDRmYTEzOTk1NmU3ZjNmMzhmZWYzNSIsIl9hdXRoX3VzZXJfaWQiOiIxIn0=", "expire_date": "2015-08-27T00:12:28.157Z"}}, {"pk": "dlwmv8fpgj5bruc137c360hqcl9c7b9r", "model": "sessions.session", "fields": {"session_data": "Mjc2OGNjYTEzMGJmNzJlYWFkNDM0OTNkYmM0NjAyZjUxOGQzZjJkYjp7Il9hdXRoX3VzZXJfYmFja2VuZCI6ImRqYW5nby5jb250cmliLmF1dGguYmFja2VuZHMuTW9kZWxCYWNrZW5kIiwiX2F1dGhfdXNlcl9oYXNoIjoiYzc5NGNiYmM1YmU4MTMzNDMxMDRmYTEzOTk1NmU3ZjNmMzhmZWYzNSIsIl9hdXRoX3VzZXJfaWQiOiIxIn0=", "expire_date": "2015-08-11T07:32:09.992Z"}}, {"pk": "h40inwyzoaiis6icu4u3bjqjfyc4awyy", "model": "sessions.session", "fields": {"session_data": "YjE5YTE0ZWEzMWIyMGM4YTg4ZjYwYTdmZDBjYmFiNzdkMmMzZjRiZjp7Il9hdXRoX3VzZXJfaGFzaCI6ImM3OTRjYmJjNWJlODEzMzQzMTA0ZmExMzk5NTZlN2YzZjM4ZmVmMzUiLCJfYXV0aF91c2VyX2lkIjoiMSIsIl9hdXRoX3VzZXJfYmFja2VuZCI6ImRqYW5nby5jb250cmliLmF1dGguYmFja2VuZHMuTW9kZWxCYWNrZW5kIn0=", "expire_date": "2015-08-06T02:20:19.416Z"}}, {"pk": "iwmt584sd0cgi9hapkz31dbwx6k2ucgq", "model": "sessions.session", "fields": {"session_data": "ZWQxYzQ0ZGQzMTY4OTVjOWE3MGE2YWE1NGQ3NjQzNjhmNGRiMmUxOTp7Il9hdXRoX3VzZXJfaWQiOiIxIiwiX2F1dGhfdXNlcl9iYWNrZW5kIjoiZGphbmdvLmNvbnRyaWIuYXV0aC5iYWNrZW5kcy5Nb2RlbEJhY2tlbmQiLCJfYXV0aF91c2VyX2hhc2giOiJjNzk0Y2JiYzViZTgxMzM0MzEwNGZhMTM5OTU2ZTdmM2YzOGZlZjM1In0=", "expire_date": "2015-08-18T01:46:59.652Z"}}, {"pk": "jtpednlngx2j0sa1cmmfjrrrkv6uyvwz", "model": "sessions.session", "fields": {"session_data": "YjE5YTE0ZWEzMWIyMGM4YTg4ZjYwYTdmZDBjYmFiNzdkMmMzZjRiZjp7Il9hdXRoX3VzZXJfaGFzaCI6ImM3OTRjYmJjNWJlODEzMzQzMTA0ZmExMzk5NTZlN2YzZjM4ZmVmMzUiLCJfYXV0aF91c2VyX2lkIjoiMSIsIl9hdXRoX3VzZXJfYmFja2VuZCI6ImRqYW5nby5jb250cmliLmF1dGguYmFja2VuZHMuTW9kZWxCYWNrZW5kIn0=", "expire_date": "2015-08-18T04:50:50.332Z"}}, {"pk": "kgo7inr6rp9eh8wz5a52zqdi4ira15ob", "model": "sessions.session", "fields": {"session_data": "YzhkMmFiNmNkNmQxZmFmMzNmZGQ1YzNlODI2NDZhYmRjNDFiZDYzYzp7Il9hdXRoX3VzZXJfaGFzaCI6ImM3OTRjYmJjNWJlODEzMzQzMTA0ZmExMzk5NTZlN2YzZjM4ZmVmMzUiLCJfYXV0aF91c2VyX2JhY2tlbmQiOiJkamFuZ28uY29udHJpYi5hdXRoLmJhY2tlbmRzLk1vZGVsQmFja2VuZCIsIl9hdXRoX3VzZXJfaWQiOiIxIn0=", "expire_date": "2015-08-12T03:04:27.328Z"}}, {"pk": "ki1a2zgcd9v5znm6pqpnxtjlf67pfy1g", "model": "sessions.session", "fields": {"session_data": "MzRhMmFhMjNhODIyNjljNzRiMDIzM2VmNWRlNWZkYjk1OTAyNWIwOTp7Il9hdXRoX3VzZXJfYmFja2VuZCI6ImRqYW5nby5jb250cmliLmF1dGguYmFja2VuZHMuTW9kZWxCYWNrZW5kIiwiX2F1dGhfdXNlcl9oYXNoIjoiNmQ4MDZiM2JmYWM4YTExYzhiMzg3ZDU1ZDQ5YzBmMTlmOTA4YTgyOSIsIl9hdXRoX3VzZXJfaWQiOiIxMCJ9", "expire_date": "2015-08-17T07:42:46.022Z"}}, {"pk": "lrnxp764wdt26qn8ydvnzu70fzmuom8q", "model": "sessions.session", "fields": {"session_data": "ODAwMjRkODZhZjI3ZWI2MWVjYzdiMGQzN2JiOWJiYTMyNzdlZDc5OTp7Il9hdXRoX3VzZXJfaGFzaCI6IjdiZmYwMmQwNjA4MjNmODQzYzYwNzcwODMxNTM5ZWEwMDA2MDRlZGQiLCJfYXV0aF91c2VyX2lkIjoiNyIsIl9hdXRoX3VzZXJfYmFja2VuZCI6ImRqYW5nby5jb250cmliLmF1dGguYmFja2VuZHMuTW9kZWxCYWNrZW5kIn0=", "expire_date": "2015-08-24T07:58:28.094Z"}}, {"pk": "mu3ulq27uoct1g15yzlo8xoy0k7m8s6o", "model": "sessions.session", "fields": {"session_data": "NzQ4YThlOGI5MTY4NGZkODVjYjg2MTE2NGNiNjdhYWIwYTc5YWRmNzp7Il9hdXRoX3VzZXJfYmFja2VuZCI6ImRqYW5nby5jb250cmliLmF1dGguYmFja2VuZHMuTW9kZWxCYWNrZW5kIiwiX2F1dGhfdXNlcl9pZCI6IjgiLCJfYXV0aF91c2VyX2hhc2giOiI5ZGUzNTU0NjRlYjc3OWVhZWMyOTZkZDkxZjg4MGJlNmJlNjRiNjA4In0=", "expire_date": "2015-08-16T23:18:36.622Z"}}, {"pk": "pz00ge9755y9h4pgyjbu1054rydesotf", "model": "sessions.session", "fields": {"session_data": "YzhkMmFiNmNkNmQxZmFmMzNmZGQ1YzNlODI2NDZhYmRjNDFiZDYzYzp7Il9hdXRoX3VzZXJfaGFzaCI6ImM3OTRjYmJjNWJlODEzMzQzMTA0ZmExMzk5NTZlN2YzZjM4ZmVmMzUiLCJfYXV0aF91c2VyX2JhY2tlbmQiOiJkamFuZ28uY29udHJpYi5hdXRoLmJhY2tlbmRzLk1vZGVsQmFja2VuZCIsIl9hdXRoX3VzZXJfaWQiOiIxIn0=", "expire_date": "2015-08-18T05:07:54.686Z"}}, {"pk": "rupxxm6mtnbklur60rxhwsbgtb1lqt7f", "model": "sessions.session", "fields": {"session_data": "ZjI0ZThkM2EzYjRiZmE3ZDhkOTc2MWIzZWI2MDQ5YjE3MzQ0ZDI5MTp7Il9hdXRoX3VzZXJfaGFzaCI6IjhiZjA2ZjM1MWQ3MWM4ZGVjYjViYjkzYjJhZDNlNTUzMTJjMTc4ZmUiLCJfYXV0aF91c2VyX2JhY2tlbmQiOiJkamFuZ28uY29udHJpYi5hdXRoLmJhY2tlbmRzLk1vZGVsQmFja2VuZCIsIl9hdXRoX3VzZXJfaWQiOiI2In0=", "expire_date": "2015-08-12T03:04:24.090Z"}}, {"pk": "s3zjs3af00yryovoqu9mlxbqghtuk1sh", "model": "sessions.session", "fields": {"session_data": "Mjc2OGNjYTEzMGJmNzJlYWFkNDM0OTNkYmM0NjAyZjUxOGQzZjJkYjp7Il9hdXRoX3VzZXJfYmFja2VuZCI6ImRqYW5nby5jb250cmliLmF1dGguYmFja2VuZHMuTW9kZWxCYWNrZW5kIiwiX2F1dGhfdXNlcl9oYXNoIjoiYzc5NGNiYmM1YmU4MTMzNDMxMDRmYTEzOTk1NmU3ZjNmMzhmZWYzNSIsIl9hdXRoX3VzZXJfaWQiOiIxIn0=", "expire_date": "2015-08-27T03:47:13.958Z"}}, {"pk": "s7e3dta3q3zmnv2wn4z8pi6ycb0z0l8l", "model": "sessions.session", "fields": {"session_data": "NzQ4YThlOGI5MTY4NGZkODVjYjg2MTE2NGNiNjdhYWIwYTc5YWRmNzp7Il9hdXRoX3VzZXJfYmFja2VuZCI6ImRqYW5nby5jb250cmliLmF1dGguYmFja2VuZHMuTW9kZWxCYWNrZW5kIiwiX2F1dGhfdXNlcl9pZCI6IjgiLCJfYXV0aF91c2VyX2hhc2giOiI5ZGUzNTU0NjRlYjc3OWVhZWMyOTZkZDkxZjg4MGJlNmJlNjRiNjA4In0=", "expire_date": "2015-08-16T23:22:55.900Z"}}, {"pk": "sfpf06r14no8ev940vld94t72unfz5ri", "model": "sessions.session", "fields": {"session_data": "YzhkMmFiNmNkNmQxZmFmMzNmZGQ1YzNlODI2NDZhYmRjNDFiZDYzYzp7Il9hdXRoX3VzZXJfaGFzaCI6ImM3OTRjYmJjNWJlODEzMzQzMTA0ZmExMzk5NTZlN2YzZjM4ZmVmMzUiLCJfYXV0aF91c2VyX2JhY2tlbmQiOiJkamFuZ28uY29udHJpYi5hdXRoLmJhY2tlbmRzLk1vZGVsQmFja2VuZCIsIl9hdXRoX3VzZXJfaWQiOiIxIn0=", "expire_date": "2015-08-20T23:06:55.697Z"}}, {"pk": "t4zzzpa049lvu9n5ppdy0fxzv5halpux", "model": "sessions.session", "fields": {"session_data": "ZWQxYzQ0ZGQzMTY4OTVjOWE3MGE2YWE1NGQ3NjQzNjhmNGRiMmUxOTp7Il9hdXRoX3VzZXJfaWQiOiIxIiwiX2F1dGhfdXNlcl9iYWNrZW5kIjoiZGphbmdvLmNvbnRyaWIuYXV0aC5iYWNrZW5kcy5Nb2RlbEJhY2tlbmQiLCJfYXV0aF91c2VyX2hhc2giOiJjNzk0Y2JiYzViZTgxMzM0MzEwNGZhMTM5OTU2ZTdmM2YzOGZlZjM1In0=", "expire_date": "2015-08-09T23:36:43.426Z"}}, {"pk": "ym0eilxeybuez86wm77bbssxkijn5k3f", "model": "sessions.session", "fields": {"session_data": "YzhkMmFiNmNkNmQxZmFmMzNmZGQ1YzNlODI2NDZhYmRjNDFiZDYzYzp7Il9hdXRoX3VzZXJfaGFzaCI6ImM3OTRjYmJjNWJlODEzMzQzMTA0ZmExMzk5NTZlN2YzZjM4ZmVmMzUiLCJfYXV0aF91c2VyX2JhY2tlbmQiOiJkamFuZ28uY29udHJpYi5hdXRoLmJhY2tlbmRzLk1vZGVsQmFja2VuZCIsIl9hdXRoX3VzZXJfaWQiOiIxIn0=", "expire_date": "2015-08-11T23:23:17.312Z"}}, {"pk": "zf53gfttdqnaejwlhd054pwvpnw7jdkd", "model": "sessions.session", "fields": {"session_data": "M2Q2MTg4MTk2ZjJmYzgzN2FlM2E0NjQyZWZjZjQ5NTAzOWJkZTA1ZTp7Il9hdXRoX3VzZXJfaWQiOiIxIiwiX2F1dGhfdXNlcl9oYXNoIjoiYzc5NGNiYmM1YmU4MTMzNDMxMDRmYTEzOTk1NmU3ZjNmMzhmZWYzNSIsIl9hdXRoX3VzZXJfYmFja2VuZCI6ImRqYW5nby5jb250cmliLmF1dGguYmFja2VuZHMuTW9kZWxCYWNrZW5kIn0=", "expire_date": "2015-08-13T09:21:17.667Z"}}, {"pk": 1, "model": "blog.team", "fields": {"team_name": "ProdOps"}}, {"pk": 2, "model": "blog.team", "fields": {"team_name": "SM"}}, {"pk": 1, "model": "blog.employee", "fields": {"first_name": "Jackson", "team": 1, "last_name": "Dale"}}, {"pk": 3, "model": "blog.employee", "fields": {"first_name": "Jackson", "team": 1, "last_name": "Dale"}}, {"pk": 4, "model": "blog.employee", "fields": {"first_name": "Vinay", "team": 1, "last_name": "Krishnan"}}, {"pk": 5, "model": "blog.employee", "fields": {"first_name": "Sunil", "team": 1, "last_name": "Sunil"}}, {"pk": 6, "model": "blog.employee", "fields": {"first_name": "Deepti", "team": 1, "last_name": "Deepti"}}, {"pk": 7, "model": "blog.employee", "fields": {"first_name": "Naeem", "team": 1, "last_name": "Kayani"}}, {"pk": 8, "model": "blog.employee", "fields": {"first_name": "Emily", "team": 1, "last_name": "Emily"}}, {"pk": 9, "model": "blog.employee", "fields": {"first_name": "Sandhya", "team": 1, "last_name": "Baddam"}}, {"pk": 1, "model": "blog.pbi", "fields": {"title": "uDM - Doc not found NPDR", "assignee": "Sunil Maram", "description": "uDM - Doc not found NPDR", "modified_date": "2015-08-03T00:35:36.959Z", "number": 7326150, "estimated_finish": "2015-07-06", "status": "Pending", "type": "", "progress_bar": 1, "severity": "Critical"}}, {"pk": 3, "model": "blog.pbi", "fields": {"title": "Unable to remove search record", "assignee": "Sunil Maram", "description": "Unable to remove link for deceased Authorised Representative of Dependant using 'Search for record'", "modified_date": "2015-08-10T23:33:06.506Z", "number": 7372808, "estimated_finish": "2015-08-21", "status": "Assigned", "type": "PBI", "progress_bar": 1, "severity": "Medium"}}, {"pk": 7, "model": "blog.pbi", "fields": {"title": "access the HRO", "assignee": "Ravi Kapa", "description": "getHealthOverview transactions prevented end users  from accessing the HRO", "modified_date": "2015-08-10T08:40:16.075Z", "number": 7372806, "estimated_finish": "2015-08-21", "status": "Pending", "type": "PBI", "progress_bar": 1, "severity": "Medium"}}, {"pk": 8, "model": "blog.pbi", "fields": {"title": "uD and uDM trans failed", "assignee": "Sunil Maram", "description": "uD and uDM trans failed", "modified_date": "2015-07-31T06:00:25Z", "number": 7354151, "estimated_finish": "2015-08-03", "status": "Pending", "type": "PBI", "progress_bar": 1, "severity": "Low"}}, {"pk": 9, "model": "blog.pbi", "fields": {"title": "Consent trans failed-01924", "assignee": "Emily", "description": "Consent trans failed-01924", "modified_date": "2015-07-31T06:00:25Z", "number": 7337771, "estimated_finish": "2015-08-03", "status": "Pending", "type": "PBI", "progress_bar": 1, "severity": "Medium"}}, {"pk": 10, "model": "blog.pbi", "fields": {"title": "OAAM Log Parser Monitor", "assignee": "JD", "description": "This is what we will be using to monitor the log parser. It requires a shell script and an OEM job.", "modified_date": "2015-08-13T01:06:49.202Z", "number": null, "estimated_finish": "2015-08-03", "status": "Closed", "type": "Operations", "progress_bar": 85, "severity": "Medium"}}, {"pk": 11, "model": "blog.pbi", "fields": {"title": "OEM Clean Up", "assignee": "JD, NK, DD", "description": "Clean up the following areas in the operations environment.\r\nGeneric Services\r\nJobs\r\nReports\r\nMetric Extensions\r\nHealth Check VM\r\nJump Host\r\nSharepoint\r\nLog Directories\r\nOps VM\r\n\r\n\r\n", "modified_date": "2015-08-11T04:41:58.122Z", "number": null, "estimated_finish": "2015-08-07", "status": "In Progress", "type": "Operations", "progress_bar": 20, "severity": "Medium"}}, {"pk": 12, "model": "blog.pbi", "fields": {"title": "Job List Update", "assignee": "Jackson Dale", "description": "The current job list is very old and out of date. This needs to either be recreated or updated.", "modified_date": "2015-08-03T01:29:01Z", "number": null, "estimated_finish": "2015-08-23", "status": "Assigned", "type": "Operations", "progress_bar": 1, "severity": "Medium"}}, {"pk": 13, "model": "blog.pbi", "fields": {"title": "OES Health Check Status", "assignee": "DD ", "description": "The current state of the OES is 'Not reachable' but it is functioning as intended. ", "modified_date": "2015-08-05T08:04:35.762Z", "number": null, "estimated_finish": "2015-08-04", "status": "Closed", "type": "Operations", "progress_bar": 10055252563266, "severity": "High"}}, {"pk": 14, "model": "blog.pbi", "fields": {"title": "ODSM Hogging Threads", "assignee": "Naeem Kayani", "description": "ODSM curently has 1 hogging thread", "modified_date": "2015-08-05T06:42:47.077Z", "number": null, "estimated_finish": "2015-08-04", "status": "Under Investigation", "type": "Operations", "progress_bar": 10, "severity": "Medium"}}, {"pk": 15, "model": "blog.pbi", "fields": {"title": "OSB Common Hogging Threads", "assignee": "TBC", "description": "OSB has hogging threads", "modified_date": "2015-08-03T01:48:50Z", "number": null, "estimated_finish": "2015-08-10", "status": "Pending", "type": "Operations", "progress_bar": 1, "severity": "Medium"}}, {"pk": 16, "model": "blog.pbi", "fields": {"title": "OAM False Alerts", "assignee": "Naeem Kayani", "description": "OAM has been sending a number of false alerts over the last week.", "modified_date": "2015-08-06T03:07:27.689Z", "number": null, "estimated_finish": "2015-08-04", "status": "In Progress", "type": "Operations", "progress_bar": 40, "severity": "High"}}, {"pk": 17, "model": "blog.pbi", "fields": {"title": "Missing Codes KT", "assignee": "Naeem Kayani", "description": "Naeem is going to conduct a training session to educate the team on the process of adding flavours.", "modified_date": "2015-08-03T01:52:20Z", "number": null, "estimated_finish": "2015-08-10", "status": "Assigned", "type": "Operations", "progress_bar": 1, "severity": "Medium"}}, {"pk": 18, "model": "blog.pbi", "fields": {"title": "Log File Inventory", "assignee": "JD, NK, DD", "description": "The log file locations are out of date. This needs to be corrected.", "modified_date": "2015-08-05T05:58:10.893Z", "number": null, "estimated_finish": "2015-08-03", "status": "Closed", "type": "Operations", "progress_bar": 100, "severity": "Medium"}}, {"pk": 19, "model": "blog.pbi", "fields": {"title": "Patch Report", "assignee": "JD", "description": "The current report displays outdated system versions", "modified_date": "2015-08-13T03:28:14.112Z", "number": null, "estimated_finish": "2015-08-05", "status": "Assigned", "type": "Operations", "progress_bar": 1, "severity": "High"}}, {"pk": 20, "model": "blog.pbi", "fields": {"title": "Duplicate Alerts", "assignee": "Jackson Dale", "description": "The on call phone receives two SMS notifications for every alert generated through OEM.", "modified_date": "2015-08-11T03:20:13.556Z", "number": null, "estimated_finish": "2015-08-05", "status": "Closed", "type": "Operations", "progress_bar": 1, "severity": "Medium"}}, {"pk": 21, "model": "blog.pbi", "fields": {"title": "Traffic Health Check", "assignee": "Jackson Dale", "description": "We currently do not have a health check that monitors the traffic going in and out of nodes. This presented itself as an issue when admin portal started to fail.", "modified_date": "2015-08-03T03:15:29Z", "number": null, "estimated_finish": "2015-08-15", "status": "Assigned", "type": "Operations", "progress_bar": 1, "severity": "High"}}, {"pk": 22, "model": "blog.pbi", "fields": {"title": "OEM Disc Space Monitor", "assignee": "Jackson Dale", "description": "We currently do not have any way to monitor the file size associated with OEM. This presented itself as an issue when SDC OEM went down and we did not know about it until we noticed that none of the reports were being generated.", "modified_date": "2015-08-07T02:33:54.834Z", "number": null, "estimated_finish": "2015-08-15", "status": "Closed", "type": "Operations", "progress_bar": 1, "severity": "High"}}, {"pk": 23, "model": "blog.pbi", "fields": {"title": "Create report to monitor SWAP", "assignee": "Jackson Dale", "description": "A report that will monitor the swap usage so we can look at the spikes.", "modified_date": "2015-08-06T01:48:47.080Z", "number": null, "estimated_finish": "2015-08-06", "status": "Closed", "type": "Operations", "progress_bar": 100, "severity": "High"}}, {"pk": 24, "model": "blog.pbi", "fields": {"title": "Swap Usage Alerts", "assignee": "JD", "description": "Create mobile alerts if swap usage exceeds 20%.", "modified_date": "2015-08-06T03:06:59.253Z", "number": null, "estimated_finish": "2015-08-06", "status": "Closed", "type": "Operations", "progress_bar": 50, "severity": "High"}}, {"pk": 25, "model": "blog.pbi", "fields": {"title": "Restart OMS", "assignee": "Jackson Dale", "description": "A SR was raised recently in order to assist us in emcli issues. Their current solution is to restart the OMS.", "modified_date": "2015-08-06T23:31:13.623Z", "number": null, "estimated_finish": "2015-08-06", "status": "Closed", "type": "Operations", "progress_bar": 10, "severity": "Low"}}, {"pk": 26, "model": "blog.pbi", "fields": {"title": "High Swap Utilization on B2B", "assignee": "DD JD", "description": "Operations team have found high swap utilization on the B2B servers.\r\nThe swap utilization on B2B Node2 is now  on an consumption of 35%.\r\nThis has been escalated to the TA and Infra for further investigation\r\nRestarted the Node Manager and the swap utilization went down.", "modified_date": "2015-08-13T01:14:55.818Z", "number": null, "estimated_finish": "2015-08-07", "status": "Closed", "type": "Operations", "progress_bar": 100, "severity": "High"}}, {"pk": 27, "model": "blog.pbi", "fields": {"title": "Add CI items to sharepoint", "assignee": "JD", "description": "Add all of the continous improvement items to sharepoint.\r\n\r\nFrom there we can follow up with the team asking them to place anything they have in the mind.", "modified_date": "2015-08-07T01:01:19.955Z", "number": null, "estimated_finish": "2015-08-07", "status": "Closed", "type": "Operations", "progress_bar": 100, "severity": "Low"}}, {"pk": 28, "model": "blog.pbi", "fields": {"title": "No Traffic on APNode2", "assignee": "DD ", "description": "We have observed that there is no traffic on Admin Portal Node2.\r\nThis has been escalated to the infrastructure team and they are currently investigatin this.", "modified_date": "2015-08-11T04:40:15.913Z", "number": null, "estimated_finish": "2015-08-15", "status": "Under Investigation", "type": "Operations", "progress_bar": 10, "severity": "High"}}, {"pk": 29, "model": "blog.pbi", "fields": {"title": "HDR JVM Heap Usage", "assignee": "DD ", "description": "High heap usage for the HDR Managed Servers.HDR servers were increased from a Heap size of 8 Gigs to 12 Gigs.", "modified_date": "2015-08-12T00:55:33.572Z", "number": null, "estimated_finish": "2015-08-11", "status": "Closed", "type": "Operations", "progress_bar": null, "severity": "High"}}, {"pk": 30, "model": "blog.pbi", "fields": {"title": "OAAM DB Monitor", "assignee": "JD", "description": "Move the non prod solution into prod. Rakhi created a non prod solution.", "modified_date": "2015-08-13T03:07:11.076Z", "number": null, "estimated_finish": "2015-08-13", "status": "In Progress", "type": "Operations", "progress_bar": 50, "severity": "Medium"}}, {"pk": 1, "model": "blog.task", "fields": {"modified_date": "2015-07-29T08:31:54Z", "user": 5, "task": "Monday Morning Health Check"}}, {"pk": 2, "model": "blog.task", "fields": {"modified_date": "2015-07-31T05:41:41.322Z", "user": 5, "task": "On call"}}, {"pk": 3, "model": "blog.task", "fields": {"modified_date": "2015-07-30T01:12:19Z", "user": 7, "task": "Tuesday Morning Health Check"}}, {"pk": 4, "model": "blog.task", "fields": {"modified_date": "2015-07-30T01:13:31Z", "user": 3, "task": "Thursday Morning Health Check"}}, {"pk": 5, "model": "blog.task", "fields": {"modified_date": "2015-07-30T01:13:42Z", "user": 9, "task": "Wednesday Morning Health Check"}}, {"pk": 6, "model": "blog.task", "fields": {"modified_date": "2015-07-30T01:13:55Z", "user": 8, "task": "Friday Morning Health Check"}}, {"pk": 7, "model": "blog.task", "fields": {"modified_date": "2015-07-30T01:15:11Z", "user": 9, "task": "Monday evening Standby"}}, {"pk": 8, "model": "blog.task", "fields": {"modified_date": "2015-07-30T01:15:21Z", "user": 8, "task": "Tuesday evening Standby"}}, {"pk": 9, "model": "blog.task", "fields": {"modified_date": "2015-07-30T01:15:30Z", "user": 7, "task": "Wednesday evening Restarts"}}, {"pk": 10, "model": "blog.task", "fields": {"modified_date": "2015-07-30T01:15:41Z", "user": 3, "task": "Thursday evening Standby"}}, {"pk": 11, "model": "blog.task", "fields": {"modified_date": "2015-07-30T01:18:00Z", "user": 5, "task": "Friday evening Standby"}}, {"pk": 1, "model": "auth.permission", "fields": {"codename": "add_logentry", "content_type": 1, "name": "Can add log entry"}}, {"pk": 2, "model": "auth.permission", "fields": {"codename": "change_logentry", "content_type": 1, "name": "Can change log entry"}}, {"pk": 3, "model": "auth.permission", "fields": {"codename": "delete_logentry", "content_type": 1, "name": "Can delete log entry"}}, {"pk": 4, "model": "auth.permission", "fields": {"codename": "add_permission", "content_type": 2, "name": "Can add permission"}}, {"pk": 5, "model": "auth.permission", "fields": {"codename": "change_permission", "content_type": 2, "name": "Can change permission"}}, {"pk": 6, "model": "auth.permission", "fields": {"codename": "delete_permission", "content_type": 2, "name": "Can delete permission"}}, {"pk": 7, "model": "auth.permission", "fields": {"codename": "add_group", "content_type": 3, "name": "Can add group"}}, {"pk": 8, "model": "auth.permission", "fields": {"codename": "change_group", "content_type": 3, "name": "Can change group"}}, {"pk": 9, "model": "auth.permission", "fields": {"codename": "delete_group", "content_type": 3, "name": "Can delete group"}}, {"pk": 10, "model": "auth.permission", "fields": {"codename": "add_user", "content_type": 4, "name": "Can add user"}}, {"pk": 11, "model": "auth.permission", "fields": {"codename": "change_user", "content_type": 4, "name": "Can change user"}}, {"pk": 12, "model": "auth.permission", "fields": {"codename": "delete_user", "content_type": 4, "name": "Can delete user"}}, {"pk": 13, "model": "auth.permission", "fields": {"codename": "add_contenttype", "content_type": 5, "name": "Can add content type"}}, {"pk": 14, "model": "auth.permission", "fields": {"codename": "change_contenttype", "content_type": 5, "name": "Can change content type"}}, {"pk": 15, "model": "auth.permission", "fields": {"codename": "delete_contenttype", "content_type": 5, "name": "Can delete content type"}}, {"pk": 16, "model": "auth.permission", "fields": {"codename": "add_session", "content_type": 6, "name": "Can add session"}}, {"pk": 17, "model": "auth.permission", "fields": {"codename": "change_session", "content_type": 6, "name": "Can change session"}}, {"pk": 18, "model": "auth.permission", "fields": {"codename": "delete_session", "content_type": 6, "name": "Can delete session"}}, {"pk": 19, "model": "auth.permission", "fields": {"codename": "add_post", "content_type": 7, "name": "Can add post"}}, {"pk": 20, "model": "auth.permission", "fields": {"codename": "change_post", "content_type": 7, "name": "Can change post"}}, {"pk": 21, "model": "auth.permission", "fields": {"codename": "delete_post", "content_type": 7, "name": "Can delete post"}}, {"pk": 22, "model": "auth.permission", "fields": {"codename": "add_job", "content_type": 8, "name": "Can add job"}}, {"pk": 23, "model": "auth.permission", "fields": {"codename": "change_job", "content_type": 8, "name": "Can change job"}}, {"pk": 24, "model": "auth.permission", "fields": {"codename": "delete_job", "content_type": 8, "name": "Can delete job"}}, {"pk": 25, "model": "auth.permission", "fields": {"codename": "add_event", "content_type": 9, "name": "Can add event"}}, {"pk": 26, "model": "auth.permission", "fields": {"codename": "change_event", "content_type": 9, "name": "Can change event"}}, {"pk": 27, "model": "auth.permission", "fields": {"codename": "delete_event", "content_type": 9, "name": "Can delete event"}}, {"pk": 34, "model": "auth.permission", "fields": {"codename": "add_employee", "content_type": 12, "name": "Can add employee"}}, {"pk": 35, "model": "auth.permission", "fields": {"codename": "change_employee", "content_type": 12, "name": "Can change employee"}}, {"pk": 36, "model": "auth.permission", "fields": {"codename": "delete_employee", "content_type": 12, "name": "Can delete employee"}}, {"pk": 40, "model": "auth.permission", "fields": {"codename": "add_team", "content_type": 14, "name": "Can add team"}}, {"pk": 41, "model": "auth.permission", "fields": {"codename": "change_team", "content_type": 14, "name": "Can change team"}}, {"pk": 42, "model": "auth.permission", "fields": {"codename": "delete_team", "content_type": 14, "name": "Can delete team"}}, {"pk": 52, "model": "auth.permission", "fields": {"codename": "add_comment", "content_type": 18, "name": "Can add comment"}}, {"pk": 53, "model": "auth.permission", "fields": {"codename": "change_comment", "content_type": 18, "name": "Can change comment"}}, {"pk": 54, "model": "auth.permission", "fields": {"codename": "delete_comment", "content_type": 18, "name": "Can delete comment"}}, {"pk": 55, "model": "auth.permission", "fields": {"codename": "add_pbi", "content_type": 19, "name": "Can add pbi"}}, {"pk": 56, "model": "auth.permission", "fields": {"codename": "change_pbi", "content_type": 19, "name": "Can change pbi"}}, {"pk": 57, "model": "auth.permission", "fields": {"codename": "delete_pbi", "content_type": 19, "name": "Can delete pbi"}}, {"pk": 58, "model": "auth.permission", "fields": {"codename": "add_task", "content_type": 20, "name": "Can add task"}}, {"pk": 59, "model": "auth.permission", "fields": {"codename": "change_task", "content_type": 20, "name": "Can change task"}}, {"pk": 60, "model": "auth.permission", "fields": {"codename": "delete_task", "content_type": 20, "name": "Can delete task"}}, {"pk": 61, "model": "auth.permission", "fields": {"codename": "add_update", "content_type": 21, "name": "Can add update"}}, {"pk": 62, "model": "auth.permission", "fields": {"codename": "change_update", "content_type": 21, "name": "Can change update"}}, {"pk": 63, "model": "auth.permission", "fields": {"codename": "delete_update", "content_type": 21, "name": "Can delete update"}}, {"pk": 1, "model": "auth.group", "fields": {"permissions": [], "name": "ProdOps"}}, {"pk": 2, "model": "auth.group", "fields": {"permissions": [], "name": "Service Management"}}, {"pk": 1, "model": "auth.user", "fields": {"date_joined": "2015-06-21T09:04:09Z", "password": "pbkdf2_sha256$20000$9KZx3k8jZ49g$RQPjyapteSa+dqmEARZQ6UnlKrpcgqpB7xeP2rMe95Q=", "first_name": "", "is_superuser": true, "last_login": "2015-08-13T03:47:13.932Z", "user_permissions": [], "is_staff": true, "last_name": "", "groups": [1], "username": "jackson", "email": "jacksonldale@gmail.com", "is_active": true}}, {"pk": 2, "model": "auth.user", "fields": {"date_joined": "2015-06-28T04:28:02Z", "password": "pbkdf2_sha256$20000$yclwEMq9GXnG$+0xTFgiHXxfFHEtLNBvj33edy+K6jewrXF+rTkEnlBU=", "first_name": "Eric", "is_superuser": false, "last_login": null, "user_permissions": [], "is_staff": false, "last_name": "Li", "groups": [], "username": "Eric", "email": "", "is_active": true}}, {"pk": 3, "model": "auth.user", "fields": {"date_joined": "2015-06-28T04:29:13.721Z", "password": "pbkdf2_sha256$20000$x014sfkzKdH2$/of+VtUIH80fqnDdzVzu6ezV/KZspNECABTy+8mi9i8=", "first_name": "", "is_superuser": false, "last_login": null, "user_permissions": [], "is_staff": false, "last_name": "", "groups": [], "username": "Bob", "email": "", "is_active": true}}, {"pk": 4, "model": "auth.user", "fields": {"date_joined": "2015-07-23T04:14:48Z", "password": "pbkdf2_sha256$20000$B5n03mNPewAa$C+xBh1oqCNp5tWl92rRMp7Nz95y5Vxt2Tc59/v9TuW4=", "first_name": "", "is_superuser": false, "last_login": "2015-07-23T04:15:23.423Z", "user_permissions": [], "is_staff": false, "last_name": "", "groups": [], "username": "syed.ahmed.sd", "email": "", "is_active": true}}, {"pk": 5, "model": "auth.user", "fields": {"date_joined": "2015-07-28T00:13:40Z", "password": "pbkdf2_sha256$20000$F5ks6y5Xwo9h$lZh/CdtN/z1/3Y2lhAOBKHK0xz6coCJFvACVeYomi1Q=", "first_name": "", "is_superuser": false, "last_login": "2015-07-28T03:42:12.791Z", "user_permissions": [], "is_staff": false, "last_name": "", "groups": [2], "username": "sm_team", "email": "", "is_active": true}}, {"pk": 6, "model": "auth.user", "fields": {"date_joined": "2015-07-28T23:51:14Z", "password": "pbkdf2_sha256$20000$pEf2rTbmZTjR$/BTfPCNs6JWHX/QLZc0KxlYUEp53Idq9ZVxSQOJps48=", "first_name": "", "is_superuser": false, "last_login": "2015-07-29T03:04:24.072Z", "user_permissions": [], "is_staff": false, "last_name": "", "groups": [1], "username": "ProdOps", "email": "", "is_active": true}}, {"pk": 7, "model": "auth.user", "fields": {"date_joined": "2015-07-31T08:42:50Z", "password": "pbkdf2_sha256$20000$BYf8sWKGBBmr$cLC1wR6H3doFOSrkFLflMerElMP5/+RhT7v28DuU0iQ=", "first_name": "", "is_superuser": false, "last_login": "2015-08-10T07:58:28.078Z", "user_permissions": [], "is_staff": false, "last_name": "", "groups": [1], "username": "sandhya", "email": "", "is_active": true}}, {"pk": 8, "model": "auth.user", "fields": {"date_joined": "2015-07-31T08:43:17Z", "password": "pbkdf2_sha256$20000$sUlqzWnGQKMv$i+Q2FaoXLM/AbJVwbrbvaZgmgaNLsQSnDQBNXzj43m4=", "first_name": "", "is_superuser": false, "last_login": "2015-08-02T23:22:55.885Z", "user_permissions": [], "is_staff": false, "last_name": "", "groups": [1], "username": "sunil", "email": "", "is_active": true}}, {"pk": 9, "model": "auth.user", "fields": {"date_joined": "2015-08-03T04:34:14Z", "password": "pbkdf2_sha256$20000$n8lwXlWKSQLg$v8bkPdlr7bmpLb0n0yYReFsXcjb4qUQFpyphuzSUUl0=", "first_name": "", "is_superuser": false, "last_login": "2015-08-13T01:13:09.702Z", "user_permissions": [], "is_staff": false, "last_name": "", "groups": [1], "username": "deb", "email": "", "is_active": true}}, {"pk": 10, "model": "auth.user", "fields": {"date_joined": "2015-08-03T07:41:55Z", "password": "pbkdf2_sha256$20000$DLX8KK7uPh79$b1JSOXVoTIxrfdsNZq/ymetWEfUU9LGp2gIlexxWKck=", "first_name": "", "is_superuser": false, "last_login": "2015-08-03T07:42:46.007Z", "user_permissions": [], "is_staff": false, "last_name": "", "groups": [1], "username": "deepti", "email": "", "is_active": true}}, {"pk": 11, "model": "auth.user", "fields": {"date_joined": "2015-08-13T00:34:39Z", "password": "pbkdf2_sha256$20000$zRgWANfYAXEr$l7Yyr/0uuAop0ZAT8mERuSw20zdhNir0OIAWK12Nzg0=", "first_name": "", "is_superuser": false, "last_login": null, "user_permissions": [], "is_staff": false, "last_name": "", "groups": [1], "username": "ravi", "email": "", "is_active": true}}, {"pk": 8, "model": "blog.post", "fields": {"author": 1, "title": "Welcome to the PCEHR Production Operations team website!", "text": "This is the production operations team website. It will be used to track tasks from both the operations and level two team. Additionally there is a calendar that will show all of the events that are scheduled. \r\n\r\nIf you would like to have an account created please speak to Jackson. Additionally if you have any questions feel free to ask.\r\n\r\nThe only rule is do not post any sensitive information :)", "published_date": "2015-08-03T02:52:50.490Z", "created_date": "2015-08-03T02:52:50.490Z"}}, {"pk": 1, "model": "blog.job", "fields": {"parameters": "params", "created_date": "2015-06-23T03:54:57.086Z", "description": "desc", "author": 1, "target_type": "targettype", "credentials": "creds", "target": "target", "name": "My first job"}}, {"pk": 2, "model": "blog.job", "fields": {"parameters": "Params2", "created_date": "2015-06-23T04:06:24Z", "description": "Desc2", "author": 1, "target_type": "TargetType2", "credentials": "Creds2", "target": "Target2", "name": "Name2"}}, {"pk": 3, "model": "blog.job", "fields": {"parameters": "SHould", "created_date": "2015-06-24T02:47:08.067Z", "description": "A", "author": 1, "target_type": "Me ", "credentials": "To ", "target": "Redirect", "name": "This"}}, {"pk": 13, "model": "blog.event", "fields": {"team": "[<Group: ProdOps>]", "start_week": 1, "description": "Consent report (JIRA : EHROPS-5378 )", "author": 10, "date": "2015-07-23T01:48:38.724Z", "day": 1, "frequency": "WEEKLY", "name": "Consent report "}}, {"pk": 14, "model": "blog.event", "fields": {"team": "[<Group: ProdOps>]", "start_week": 0, "description": "OAG Restarts", "author": 1, "date": "2015-07-23T01:50:00.861Z", "day": 3, "frequency": "WEEKLY", "name": "OAG Restarts"}}, {"pk": 16, "model": "blog.event", "fields": {"team": "[<Group: ProdOps>]", "start_week": 1, "description": "JIRA: EHROPS-4083", "author": 1, "date": "2015-07-23T03:12:51.091Z", "day": 3, "frequency": "FORTNIGHTLY", "name": "Specified II audit Fix"}}, {"pk": 17, "model": "blog.event", "fields": {"team": "[<Group: ProdOps>]", "start_week": 1, "description": "Replication of SDC and PDC OEM to be performed by Jackson <div id=\"event\">\r\n                                            {{ event.name }}\r\n                                            <div id=\"eventDescription\">{{ event.description }}</div>\r\n                                        </div><div id=\"event\">\r\n                                            {{ event.name }}\r\n                                            <div id=\"eventDescription\">{{ event.description }}</div>\r\n                                        </div><div id=\"event\">\r\n                                            {{ event.name }}\r\n                                            <div id=\"eventDescription\">{{ event.description }}</div>\r\n                                        </div>", "author": 1, "date": "2015-07-23T03:13:25.787Z", "day": 3, "frequency": "WEEKLY", "name": "OEM DR Replication"}}, {"pk": 18, "model": "blog.event", "fields": {"team": "[<Group: ProdOps>]", "start_week": 1, "description": "JIRA:NPDR - 165", "author": 1, "date": "2015-07-23T03:14:49.728Z", "day": 4, "frequency": "WEEKLY", "name": "NPDR Reconciliation"}}, {"pk": 20, "model": "blog.event", "fields": {"team": "[<Group: ProdOps>]", "start_week": 1, "description": "Report prepared by Sandhya", "author": 1, "date": "2015-07-23T03:17:00.823Z", "day": 5, "frequency": "WEEKLY", "name": "DLQ Report"}}, {"pk": 21, "model": "blog.event", "fields": {"team": "[<Group: ProdOps>]", "start_week": 1, "description": "PBI700000329035", "author": 10, "date": "2015-07-23T03:17:39.964Z", "day": 5, "frequency": "MONTHLY", "name": "Change of notification State"}}, {"pk": 22, "model": "blog.event", "fields": {"team": "[<Group: ProdOps>]", "start_week": 1, "description": "PBI700000356379", "author": 1, "date": "2015-07-23T03:18:30.670Z", "day": 5, "frequency": "MONTHLY", "name": "DART Analysis"}}, {"pk": 23, "model": "blog.event", "fields": {"team": "[<Group: ProdOps>]", "start_week": 3, "description": "DART", "author": 1, "date": "2015-07-23T03:19:11.222Z", "day": 2, "frequency": "MONTHLY", "name": "DART Fix"}}, {"pk": 24, "model": "blog.event", "fields": {"team": "[<Group: ProdOps>]", "start_week": 4, "description": "Replay of missing codes", "author": 1, "date": "2015-07-23T03:19:39.621Z", "day": 2, "frequency": "MONTHLY", "name": "Replay of missing codes"}}, {"pk": 25, "model": "blog.event", "fields": {"team": "[<Group: ProdOps>]", "start_week": 3, "description": "JIRA:EHROPS - 4788", "author": 1, "date": "2015-07-23T03:21:53.373Z", "day": 1, "frequency": "MONTHLY", "name": "Data fix for duplicate versions of a document in RLS "}}, {"pk": 26, "model": "blog.event", "fields": {"team": "[<Group: ProdOps>]", "start_week": 4, "description": "Geo-Location updates", "author": 1, "date": "2015-07-23T03:22:28.370Z", "day": 1, "frequency": "MONTHLY", "name": "Geo-Location updates"}}, {"pk": 28, "model": "blog.event", "fields": {"team": "[<Group: ProdOps>]", "start_week": 1, "description": "Consent Report", "author": 10, "date": "2015-08-03T08:30:51.205Z", "day": 4, "frequency": "WEEKLY", "name": "Consent Report"}}, {"pk": 1, "model": "blog.update", "fields": {"author": 1, "created_date": "2015-08-04T04:50:55Z", "text": "Taken to CAB", "update_type": "Next Action", "task": 10}}, {"pk": 2, "model": "blog.update", "fields": {"author": 1, "created_date": "2015-08-04T04:51:31Z", "text": "Clean up the OpsVM", "update_type": "Next Action", "task": 11}}, {"pk": 3, "model": "blog.update", "fields": {"author": 1, "created_date": "2015-08-04T04:52:04Z", "text": "Extract job lists", "update_type": "Next Action", "task": 12}}, {"pk": 4, "model": "blog.update", "fields": {"author": 1, "created_date": "2015-08-04T04:52:20Z", "text": "Consult with TA", "update_type": "Next Action", "task": 13}}, {"pk": 5, "model": "blog.update", "fields": {"author": 1, "created_date": "2015-08-04T04:52:46Z", "text": "CR to be raised for restart", "update_type": "Next Action", "task": 14}}, {"pk": 6, "model": "blog.update", "fields": {"author": 1, "created_date": "2015-08-04T04:53:08Z", "text": "No current action", "update_type": "Next Action", "task": 15}}, {"pk": 7, "model": "blog.update", "fields": {"author": 9, "created_date": "2015-08-04T04:53:26Z", "text": "Raise SR", "update_type": "Next Action", "task": 16}}, {"pk": 8, "model": "blog.update", "fields": {"author": 1, "created_date": "2015-08-04T04:53:51Z", "text": "No current action", "update_type": "Next Action", "task": 15}}, {"pk": 9, "model": "blog.update", "fields": {"author": 1, "created_date": "2015-08-04T04:54:31Z", "text": "Naeem to schedule", "update_type": "Next Action", "task": 17}}, {"pk": 10, "model": "blog.update", "fields": {"author": 1, "created_date": "2015-08-04T04:54:50Z", "text": "Completed", "update_type": "Next Action", "task": 18}}, {"pk": 11, "model": "blog.update", "fields": {"author": 1, "created_date": "2015-08-04T04:55:49Z", "text": "Create non prod solution", "update_type": "Next Action", "task": 19}}, {"pk": 12, "model": "blog.update", "fields": {"author": 1, "created_date": "2015-08-04T04:56:20Z", "text": "Need to wait for alert", "update_type": "Next Action", "task": 20}}, {"pk": 13, "model": "blog.update", "fields": {"author": 1, "created_date": "2015-08-04T04:56:40Z", "text": "Initial Investigation", "update_type": "Next Action", "task": 21}}, {"pk": 14, "model": "blog.update", "fields": {"author": 1, "created_date": "2015-08-04T04:59:16Z", "text": "In Progress", "update_type": "Next Action", "task": 3}}, {"pk": 15, "model": "blog.update", "fields": {"author": 1, "created_date": "2015-08-04T04:59:30Z", "text": "No new occurences", "update_type": "Next Action", "task": 7}}, {"pk": 16, "model": "blog.update", "fields": {"author": 1, "created_date": "2015-08-04T04:59:47Z", "text": "In monitoring post R6", "update_type": "Next Action", "task": 8}}, {"pk": 17, "model": "blog.update", "fields": {"author": 7, "created_date": "2015-08-04T05:00:14Z", "text": "Investigation in progress", "update_type": "Next Action", "task": 9}}, {"pk": 18, "model": "blog.update", "fields": {"author": 1, "created_date": "2015-08-04T05:58:15.737Z", "text": "To be implemented on SDC", "update_type": "Next Action", "task": 10}}, {"pk": 19, "model": "blog.update", "fields": {"author": 1, "created_date": "2015-08-04T07:49:28.445Z", "text": "Get access to box from security", "update_type": "Next Action", "task": 10}}, {"pk": 20, "model": "blog.update", "fields": {"author": 1, "created_date": "2015-08-05T00:05:09.714Z", "text": "The log file has been uploaded to sharepoint and the clean room common folder. A print out was also posted to the clean room.", "update_type": "Update", "task": 18}}, {"pk": 21, "model": "blog.update", "fields": {"author": 1, "created_date": "2015-08-05T00:18:41.779Z", "text": "No Further Action", "update_type": "Next Action", "task": 22}}, {"pk": 22, "model": "blog.update", "fields": {"author": 1, "created_date": "2015-08-05T04:29:43.132Z", "text": "Clean up the jump host", "update_type": "Next Action", "task": 11}}, {"pk": 23, "model": "blog.update", "fields": {"author": 9, "created_date": "2015-08-05T04:36:54.110Z", "text": "Closed because the Managed Servers are now displaying the correct status after increasing the message sizes of the incoming messages to 15 million.", "update_type": "Update", "task": 13}}, {"pk": 24, "model": "blog.update", "fields": {"author": 9, "created_date": "2015-08-05T05:58:10.890Z", "text": "Log File Inventory completed and uploaded on the sharepoint. A printout has been placed in the clean room for the location of the log files", "update_type": "Update", "task": 18}}, {"pk": 25, "model": "blog.update", "fields": {"author": 1, "created_date": "2015-08-05T07:26:19.969Z", "text": "The job has been scheduled to start on the 5/08/2015 and will run every 15 minutes. I will check the performance of this tomorrow.", "update_type": "Update", "task": 10}}, {"pk": 26, "model": "blog.update", "fields": {"author": 1, "created_date": "2015-08-05T07:26:38.547Z", "text": "Observe performance from test run", "update_type": "Next Action", "task": 10}}, {"pk": 27, "model": "blog.update", "fields": {"author": 1, "created_date": "2015-08-06T00:29:12.707Z", "text": "Send incident report", "update_type": "Next Action", "task": 16}}, {"pk": 28, "model": "blog.update", "fields": {"author": 1, "created_date": "2015-08-06T01:29:42.777Z", "text": "No Further Action", "update_type": "Next Action", "task": 23}}, {"pk": 29, "model": "blog.update", "fields": {"author": 1, "created_date": "2015-08-06T02:11:39.249Z", "text": "No Further Action", "update_type": "Next Action", "task": 24}}, {"pk": 30, "model": "blog.update", "fields": {"author": 1, "created_date": "2015-08-06T02:27:04.133Z", "text": "The thresholds wereset to;\r\nWarning: 80\r\nCritical: 95.\r\n\r\nThis is why we were not alerted.", "update_type": "Update", "task": 24}}, {"pk": 31, "model": "blog.update", "fields": {"author": 1, "created_date": "2015-08-06T03:06:59.237Z", "text": "We have chosen to leave these alerts the way they are currently configured.", "update_type": "Closed", "task": 24}}, {"pk": 32, "model": "blog.update", "fields": {"author": 1, "created_date": "2015-08-06T03:07:27.686Z", "text": "The incident report has been sent to the SM team.", "update_type": "Update", "task": 16}}, {"pk": 33, "model": "blog.update", "fields": {"author": 1, "created_date": "2015-08-06T04:37:25.763Z", "text": "The script seems to be running correctly. The next step will be to add the metric extension so that we can generate alerts.", "update_type": "Update", "task": 10}}, {"pk": 34, "model": "blog.update", "fields": {"author": 1, "created_date": "2015-08-06T04:55:32.695Z", "text": "No Further Action", "update_type": "Next Action", "task": 25}}, {"pk": 35, "model": "blog.update", "fields": {"author": 1, "created_date": "2015-08-06T04:55:56.090Z", "text": "Juliani is going to provide assistance", "update_type": "Next Action", "task": 25}}, {"pk": 36, "model": "blog.update", "fields": {"author": 9, "created_date": "2015-08-06T05:23:27.064Z", "text": "No Further Action", "update_type": "Next Action", "task": 26}}, {"pk": 37, "model": "blog.update", "fields": {"author": 1, "created_date": "2015-08-06T07:15:24.238Z", "text": "Generic Services have been renamed from OEG and HTB to OAG and HDR respectively.", "update_type": "Update", "task": 11}}, {"pk": 38, "model": "blog.update", "fields": {"author": 1, "created_date": "2015-08-06T23:31:13.623Z", "text": "The OMS was restarted successfully.", "update_type": "Closed", "task": 25}}, {"pk": 39, "model": "blog.update", "fields": {"author": 1, "created_date": "2015-08-06T23:38:18.934Z", "text": "Implement alerts", "update_type": "Next Action", "task": 10}}, {"pk": 40, "model": "blog.update", "fields": {"author": 1, "created_date": "2015-08-06T23:48:34.559Z", "text": "No Further Action", "update_type": "Next Action", "task": 27}}, {"pk": 41, "model": "blog.update", "fields": {"author": 1, "created_date": "2015-08-07T01:01:19.940Z", "text": "All items have been added to share point.", "update_type": "Closed", "task": 27}}, {"pk": 42, "model": "blog.update", "fields": {"author": 1, "created_date": "2015-08-07T01:02:13.723Z", "text": "Observe for changes", "update_type": "Next Action", "task": 26}}, {"pk": 43, "model": "blog.update", "fields": {"author": 1, "created_date": "2015-08-07T02:33:54.834Z", "text": "Alerts have been confirmed in both SDC and PDC.", "update_type": "Closed", "task": 22}}, {"pk": 44, "model": "blog.update", "fields": {"author": 9, "created_date": "2015-08-11T00:41:50.343Z", "text": "No Further Action", "update_type": "Next Action", "task": 28}}, {"pk": 45, "model": "blog.update", "fields": {"author": 1, "created_date": "2015-08-11T03:20:13.554Z", "text": "There was two sets of rules that were essentially doing the same thing. ", "update_type": "Closed", "task": 20}}, {"pk": 46, "model": "blog.update", "fields": {"author": 1, "created_date": "2015-08-11T04:41:58.122Z", "text": "Reports and metrix extensions have been cleaned. However as I do not know the purpose of all of them I simply just deleted duplicates and ones that were clearly old and unused.", "update_type": "Update", "task": 11}}, {"pk": 47, "model": "blog.update", "fields": {"author": 1, "created_date": "2015-08-11T06:52:56.565Z", "text": "I am going to work with Jyoti to integrate a patch report with her start stop scripts.", "update_type": "Update", "task": 19}}, {"pk": 48, "model": "blog.update", "fields": {"author": 9, "created_date": "2015-08-12T00:55:33.618Z", "text": "No Further Action", "update_type": "Next Action", "task": 29}}, {"pk": 49, "model": "blog.update", "fields": {"author": 1, "created_date": "2015-08-13T00:18:51.829Z", "text": "The metric extensions and incident rules were implemented however there are issues in the collection/alerts", "update_type": "Update", "task": 10}}, {"pk": 50, "model": "blog.update", "fields": {"author": 1, "created_date": "2015-08-13T01:06:49.200Z", "text": "The alerts are in place and working as expected.\r\nMetric Extension: Log_Parser_Monitor\r\nIncident Rule: SMS Notification -> OAAM LOG PARSER MONITOR", "update_type": "Closed", "task": 10}}, {"pk": 51, "model": "blog.update", "fields": {"author": 1, "created_date": "2015-08-13T03:06:59.955Z", "text": "No Further Action", "update_type": "Next Action", "task": 30}}, {"pk": 1, "model": "admin.logentry", "fields": {"object_id": "1", "user": 1, "action_flag": 1, "change_message": "", "object_repr": "This is my title", "content_type": 7, "action_time": "2015-06-21T09:06:32.089Z"}}, {"pk": 2, "model": "admin.logentry", "fields": {"object_id": "4", "user": 1, "action_flag": 1, "change_message": "", "object_repr": "Adding CSS to make it pretty!", "content_type": 7, "action_time": "2015-06-22T08:30:46.007Z"}}, {"pk": 3, "model": "admin.logentry", "fields": {"object_id": "4", "user": 1, "action_flag": 2, "change_message": "Changed published_date.", "object_repr": "Adding CSS to make it pretty!", "content_type": 7, "action_time": "2015-06-22T08:31:33.733Z"}}, {"pk": 4, "model": "admin.logentry", "fields": {"object_id": "5", "user": 1, "action_flag": 1, "change_message": "", "object_repr": "What is CSS?", "content_type": 7, "action_time": "2015-06-22T08:32:04.744Z"}}, {"pk": 5, "model": "admin.logentry", "fields": {"object_id": "2", "user": 1, "action_flag": 2, "change_message": "No fields changed.", "object_repr": "Job object", "content_type": 8, "action_time": "2015-06-23T05:14:42.546Z"}}, {"pk": 6, "model": "admin.logentry", "fields": {"object_id": "2", "user": 1, "action_flag": 1, "change_message": "", "object_repr": "Eric", "content_type": 4, "action_time": "2015-06-28T04:28:02.457Z"}}, {"pk": 7, "model": "admin.logentry", "fields": {"object_id": "2", "user": 1, "action_flag": 2, "change_message": "Changed first_name and last_name.", "object_repr": "Eric", "content_type": 4, "action_time": "2015-06-28T04:28:29.738Z"}}, {"pk": 8, "model": "admin.logentry", "fields": {"object_id": "3", "user": 1, "action_flag": 1, "change_message": "", "object_repr": "Bob", "content_type": 4, "action_time": "2015-06-28T04:29:13.881Z"}}, {"pk": 9, "model": "admin.logentry", "fields": {"object_id": "1", "user": 1, "action_flag": 1, "change_message": "", "object_repr": "Jackson", "content_type": 12, "action_time": "2015-07-03T07:16:09.165Z"}}, {"pk": 11, "model": "admin.logentry", "fields": {"object_id": "1", "user": 1, "action_flag": 1, "change_message": "", "object_repr": "ProdOps", "content_type": 14, "action_time": "2015-07-04T04:14:03.403Z"}}, {"pk": 12, "model": "admin.logentry", "fields": {"object_id": "2", "user": 1, "action_flag": 1, "change_message": "", "object_repr": "SM", "content_type": 14, "action_time": "2015-07-04T04:34:38.110Z"}}, {"pk": 13, "model": "admin.logentry", "fields": {"object_id": "2", "user": 1, "action_flag": 1, "change_message": "", "object_repr": "TOm", "content_type": 12, "action_time": "2015-07-04T05:24:55.258Z"}}, {"pk": 18, "model": "admin.logentry", "fields": {"object_id": "3", "user": 1, "action_flag": 1, "change_message": "", "object_repr": "Jackson", "content_type": 12, "action_time": "2015-07-04T06:17:23.340Z"}}, {"pk": 21, "model": "admin.logentry", "fields": {"object_id": "9", "user": 1, "action_flag": 2, "change_message": "Changed frequency.", "object_repr": "Weekly event happening on the 8th", "content_type": 9, "action_time": "2015-07-04T06:46:16.457Z"}}, {"pk": 22, "model": "admin.logentry", "fields": {"object_id": "9", "user": 1, "action_flag": 2, "change_message": "No fields changed.", "object_repr": "Weekly event happening on the 8th", "content_type": 9, "action_time": "2015-07-04T06:46:26.796Z"}}, {"pk": 23, "model": "admin.logentry", "fields": {"object_id": "9", "user": 1, "action_flag": 2, "change_message": "Changed day.", "object_repr": "Weekly event happening on the 8th", "content_type": 9, "action_time": "2015-07-04T07:03:42.145Z"}}, {"pk": 24, "model": "admin.logentry", "fields": {"object_id": "9", "user": 1, "action_flag": 2, "change_message": "Changed frequency.", "object_repr": "Weekly event happening on the 8th", "content_type": 9, "action_time": "2015-07-04T07:19:47.302Z"}}, {"pk": 25, "model": "admin.logentry", "fields": {"object_id": "9", "user": 1, "action_flag": 2, "change_message": "No fields changed.", "object_repr": "Weekly event happening on the 8th", "content_type": 9, "action_time": "2015-07-04T07:21:25.529Z"}}, {"pk": 26, "model": "admin.logentry", "fields": {"object_id": "9", "user": 1, "action_flag": 2, "change_message": "Changed frequency.", "object_repr": "Weekly event happening on the 8th", "content_type": 9, "action_time": "2015-07-04T07:22:33.207Z"}}, {"pk": 27, "model": "admin.logentry", "fields": {"object_id": "9", "user": 1, "action_flag": 2, "change_message": "No fields changed.", "object_repr": "Weekly event happening on the 8th", "content_type": 9, "action_time": "2015-07-04T07:36:51.729Z"}}, {"pk": 28, "model": "admin.logentry", "fields": {"object_id": "8", "user": 1, "action_flag": 2, "change_message": "Changed frequency and day.", "object_repr": "123", "content_type": 9, "action_time": "2015-07-04T07:43:29.722Z"}}, {"pk": 29, "model": "admin.logentry", "fields": {"object_id": "9", "user": 1, "action_flag": 2, "change_message": "Changed day.", "object_repr": "Weekly event happening on the 8th", "content_type": 9, "action_time": "2015-07-04T07:43:36.425Z"}}, {"pk": 30, "model": "admin.logentry", "fields": {"object_id": "9", "user": 1, "action_flag": 2, "change_message": "Changed day.", "object_repr": "Weekly event happening on the 8th", "content_type": 9, "action_time": "2015-07-04T07:43:43.588Z"}}, {"pk": 31, "model": "admin.logentry", "fields": {"object_id": "9", "user": 1, "action_flag": 2, "change_message": "Changed frequency.", "object_repr": "Weekly event happening on the 8th", "content_type": 9, "action_time": "2015-07-04T11:23:13.048Z"}}, {"pk": 32, "model": "admin.logentry", "fields": {"object_id": "9", "user": 1, "action_flag": 2, "change_message": "Changed frequency.", "object_repr": "Weekly event happening on the 8th", "content_type": 9, "action_time": "2015-07-04T11:24:02.919Z"}}, {"pk": 33, "model": "admin.logentry", "fields": {"object_id": "8", "user": 1, "action_flag": 2, "change_message": "Changed name and day.", "object_repr": "Fortnightly event happening on Fridays", "content_type": 9, "action_time": "2015-07-04T11:24:18.252Z"}}, {"pk": 34, "model": "admin.logentry", "fields": {"object_id": "7", "user": 1, "action_flag": 2, "change_message": "Changed name and frequency.", "object_repr": "Daily event", "content_type": 9, "action_time": "2015-07-04T12:34:20.406Z"}}, {"pk": 35, "model": "admin.logentry", "fields": {"object_id": "8", "user": 1, "action_flag": 2, "change_message": "Changed frequency.", "object_repr": "Fortnightly event happening on Fridays", "content_type": 9, "action_time": "2015-07-04T12:43:28.317Z"}}, {"pk": 36, "model": "admin.logentry", "fields": {"object_id": "4", "user": 1, "action_flag": 2, "change_message": "Changed name, frequency and day.", "object_repr": "Fortnightly event happening on Fridays on the first week", "content_type": 9, "action_time": "2015-07-04T12:58:53.258Z"}}, {"pk": 37, "model": "admin.logentry", "fields": {"object_id": "8", "user": 1, "action_flag": 2, "change_message": "No fields changed.", "object_repr": "Fortnightly event happening on Fridays", "content_type": 9, "action_time": "2015-07-04T13:11:17.765Z"}}, {"pk": 38, "model": "admin.logentry", "fields": {"object_id": "4", "user": 1, "action_flag": 2, "change_message": "Changed start_week.", "object_repr": "Fortnightly event happening on Fridays on the first week", "content_type": 9, "action_time": "2015-07-04T13:11:32.640Z"}}, {"pk": 39, "model": "admin.logentry", "fields": {"object_id": "2", "user": 1, "action_flag": 2, "change_message": "Changed frequency.", "object_repr": "My first job", "content_type": 9, "action_time": "2015-07-04T13:56:48.021Z"}}, {"pk": 40, "model": "admin.logentry", "fields": {"object_id": "2", "user": 1, "action_flag": 2, "change_message": "Changed name.", "object_repr": "Monthly job on 2nd Tuesday", "content_type": 9, "action_time": "2015-07-04T13:57:03.126Z"}}, {"pk": 41, "model": "admin.logentry", "fields": {"object_id": "2", "user": 1, "action_flag": 2, "change_message": "Changed day and start_week.", "object_repr": "Monthly job on 2nd Tuesday", "content_type": 9, "action_time": "2015-07-04T13:57:23.994Z"}}, {"pk": 42, "model": "admin.logentry", "fields": {"object_id": "1", "user": 1, "action_flag": 3, "change_message": "", "object_repr": "My first job", "content_type": 9, "action_time": "2015-07-04T14:01:46.403Z"}}, {"pk": 43, "model": "admin.logentry", "fields": {"object_id": "5", "user": 1, "action_flag": 3, "change_message": "", "object_repr": "This is my event", "content_type": 9, "action_time": "2015-07-04T14:02:04.151Z"}}, {"pk": 44, "model": "admin.logentry", "fields": {"object_id": "3", "user": 1, "action_flag": 3, "change_message": "", "object_repr": "Release", "content_type": 9, "action_time": "2015-07-04T14:02:04.187Z"}}, {"pk": 45, "model": "admin.logentry", "fields": {"object_id": "2", "user": 1, "action_flag": 2, "change_message": "No fields changed.", "object_repr": "Monthly job on 2nd Tuesday", "content_type": 9, "action_time": "2015-07-04T14:05:20.844Z"}}, {"pk": 46, "model": "admin.logentry", "fields": {"object_id": "2", "user": 1, "action_flag": 2, "change_message": "No fields changed.", "object_repr": "Monthly job on 2nd Tuesday", "content_type": 9, "action_time": "2015-07-04T14:14:07.283Z"}}, {"pk": 47, "model": "admin.logentry", "fields": {"object_id": "7", "user": 1, "action_flag": 2, "change_message": "Changed date.", "object_repr": "Daily event", "content_type": 9, "action_time": "2015-07-05T12:20:07.528Z"}}, {"pk": 48, "model": "admin.logentry", "fields": {"object_id": "1", "user": 1, "action_flag": 2, "change_message": "Changed author.", "object_repr": "This is the first comment", "content_type": 18, "action_time": "2015-07-14T12:20:25.318Z"}}, {"pk": 49, "model": "admin.logentry", "fields": {"object_id": "4", "user": 1, "action_flag": 1, "change_message": "", "object_repr": "syed.ahmed.sd", "content_type": 4, "action_time": "2015-07-23T04:14:48.699Z"}}, {"pk": 50, "model": "admin.logentry", "fields": {"object_id": "4", "user": 1, "action_flag": 2, "change_message": "No fields changed.", "object_repr": "syed.ahmed.sd", "content_type": 4, "action_time": "2015-07-23T04:15:01.953Z"}}, {"pk": 51, "model": "admin.logentry", "fields": {"object_id": "1", "user": 1, "action_flag": 1, "change_message": "", "object_repr": "uDM - Doc not found NPDR", "content_type": 19, "action_time": "2015-07-23T04:41:52.432Z"}}, {"pk": 52, "model": "admin.logentry", "fields": {"object_id": "2", "user": 1, "action_flag": 1, "change_message": "", "object_repr": "Incorrect Component source", "content_type": 19, "action_time": "2015-07-23T05:00:14.660Z"}}, {"pk": 53, "model": "admin.logentry", "fields": {"object_id": "3", "user": 1, "action_flag": 1, "change_message": "", "object_repr": "DLQ msgs stuck in \u2018S\u2019 state ", "content_type": 19, "action_time": "2015-07-23T05:02:01.734Z"}}, {"pk": 54, "model": "admin.logentry", "fields": {"object_id": "4", "user": 1, "action_flag": 1, "change_message": "", "object_repr": "HELLO", "content_type": 19, "action_time": "2015-07-23T05:04:54.674Z"}}, {"pk": 55, "model": "admin.logentry", "fields": {"object_id": "5", "user": 1, "action_flag": 1, "change_message": "", "object_repr": "Incorrect display role", "content_type": 19, "action_time": "2015-07-23T05:11:49.566Z"}}, {"pk": 56, "model": "admin.logentry", "fields": {"object_id": "6", "user": 1, "action_flag": 1, "change_message": "", "object_repr": "Consent errors - BEA-382513", "content_type": 19, "action_time": "2015-07-23T05:13:04.891Z"}}, {"pk": 57, "model": "admin.logentry", "fields": {"object_id": "7", "user": 1, "action_flag": 1, "change_message": "", "object_repr": "Consent Errors - BEA-382513", "content_type": 19, "action_time": "2015-07-23T05:14:16.560Z"}}, {"pk": 58, "model": "admin.logentry", "fields": {"object_id": "8", "user": 1, "action_flag": 1, "change_message": "", "object_repr": "uD and uDM trans failed", "content_type": 19, "action_time": "2015-07-23T05:14:59.895Z"}}, {"pk": 59, "model": "admin.logentry", "fields": {"object_id": "4", "user": 1, "action_flag": 3, "change_message": "", "object_repr": "HELLO", "content_type": 19, "action_time": "2015-07-23T05:15:08.928Z"}}, {"pk": 60, "model": "admin.logentry", "fields": {"object_id": "9", "user": 1, "action_flag": 1, "change_message": "", "object_repr": "Consent trans failed-01924", "content_type": 19, "action_time": "2015-07-23T05:15:59.124Z"}}, {"pk": 61, "model": "admin.logentry", "fields": {"object_id": "10", "user": 1, "action_flag": 1, "change_message": "", "object_repr": "Inconsistent results DART rep", "content_type": 19, "action_time": "2015-07-23T05:16:43.061Z"}}, {"pk": 62, "model": "admin.logentry", "fields": {"object_id": "10", "user": 1, "action_flag": 2, "change_message": "Changed estimated_finish.", "object_repr": "Inconsistent results DART rep", "content_type": 19, "action_time": "2015-07-25T07:49:45.974Z"}}, {"pk": 63, "model": "admin.logentry", "fields": {"object_id": "5", "user": 1, "action_flag": 1, "change_message": "", "object_repr": "sm_team", "content_type": 4, "action_time": "2015-07-28T00:13:40.973Z"}}, {"pk": 64, "model": "admin.logentry", "fields": {"object_id": "1", "user": 1, "action_flag": 1, "change_message": "", "object_repr": "ProdOps", "content_type": 3, "action_time": "2015-07-28T00:19:03.879Z"}}, {"pk": 65, "model": "admin.logentry", "fields": {"object_id": "1", "user": 1, "action_flag": 2, "change_message": "Changed groups.", "object_repr": "jackson", "content_type": 4, "action_time": "2015-07-28T00:19:23.318Z"}}, {"pk": 66, "model": "admin.logentry", "fields": {"object_id": "2", "user": 1, "action_flag": 1, "change_message": "", "object_repr": "SM", "content_type": 3, "action_time": "2015-07-28T03:34:46.634Z"}}, {"pk": 67, "model": "admin.logentry", "fields": {"object_id": "5", "user": 1, "action_flag": 2, "change_message": "Changed groups.", "object_repr": "sm_team", "content_type": 4, "action_time": "2015-07-28T03:35:03.596Z"}}, {"pk": 68, "model": "admin.logentry", "fields": {"object_id": "2", "user": 1, "action_flag": 2, "change_message": "Changed name.", "object_repr": "Service Management", "content_type": 3, "action_time": "2015-07-28T03:42:00.529Z"}}, {"pk": 69, "model": "admin.logentry", "fields": {"object_id": "6", "user": 1, "action_flag": 1, "change_message": "", "object_repr": "ProdOps", "content_type": 4, "action_time": "2015-07-28T23:51:14.318Z"}}, {"pk": 70, "model": "admin.logentry", "fields": {"object_id": "6", "user": 1, "action_flag": 2, "change_message": "Changed groups.", "object_repr": "ProdOps", "content_type": 4, "action_time": "2015-07-28T23:51:22.620Z"}}, {"pk": 71, "model": "admin.logentry", "fields": {"object_id": "1", "user": 1, "action_flag": 2, "change_message": "No fields changed.", "object_repr": "ProdOps", "content_type": 14, "action_time": "2015-07-29T08:28:30.807Z"}}, {"pk": 72, "model": "admin.logentry", "fields": {"object_id": "4", "user": 1, "action_flag": 1, "change_message": "", "object_repr": "Vinay", "content_type": 12, "action_time": "2015-07-29T08:28:32.160Z"}}, {"pk": 73, "model": "admin.logentry", "fields": {"object_id": "5", "user": 1, "action_flag": 1, "change_message": "", "object_repr": "Sunil", "content_type": 12, "action_time": "2015-07-29T08:28:40.888Z"}}, {"pk": 74, "model": "admin.logentry", "fields": {"object_id": "6", "user": 1, "action_flag": 1, "change_message": "", "object_repr": "Sandhya", "content_type": 12, "action_time": "2015-07-29T08:28:49.021Z"}}, {"pk": 75, "model": "admin.logentry", "fields": {"object_id": "6", "user": 1, "action_flag": 2, "change_message": "Changed first_name and last_name.", "object_repr": "Deepti", "content_type": 12, "action_time": "2015-07-29T08:28:56.652Z"}}, {"pk": 76, "model": "admin.logentry", "fields": {"object_id": "7", "user": 1, "action_flag": 1, "change_message": "", "object_repr": "Naeem", "content_type": 12, "action_time": "2015-07-29T08:29:02.571Z"}}, {"pk": 77, "model": "admin.logentry", "fields": {"object_id": "8", "user": 1, "action_flag": 1, "change_message": "", "object_repr": "Emily", "content_type": 12, "action_time": "2015-07-29T08:29:08.954Z"}}, {"pk": 78, "model": "admin.logentry", "fields": {"object_id": "1", "user": 1, "action_flag": 1, "change_message": "", "object_repr": "Monday Morning Health Check", "content_type": 20, "action_time": "2015-07-29T08:31:59.347Z"}}, {"pk": 79, "model": "admin.logentry", "fields": {"object_id": "1", "user": 1, "action_flag": 2, "change_message": "No fields changed.", "object_repr": "Monday Morning Health Check", "content_type": 20, "action_time": "2015-07-30T00:55:25.720Z"}}, {"pk": 80, "model": "admin.logentry", "fields": {"object_id": "2", "user": 1, "action_flag": 1, "change_message": "", "object_repr": "On call", "content_type": 20, "action_time": "2015-07-30T00:55:34.010Z"}}, {"pk": 81, "model": "admin.logentry", "fields": {"object_id": "2", "user": 1, "action_flag": 2, "change_message": "Changed user.", "object_repr": "On call", "content_type": 20, "action_time": "2015-07-30T00:58:08.240Z"}}, {"pk": 82, "model": "admin.logentry", "fields": {"object_id": "3", "user": 1, "action_flag": 1, "change_message": "", "object_repr": "Tuesday Morning Health Check", "content_type": 20, "action_time": "2015-07-30T01:12:26.190Z"}}, {"pk": 83, "model": "admin.logentry", "fields": {"object_id": "4", "user": 1, "action_flag": 1, "change_message": "", "object_repr": "Thursday Morning Health Check", "content_type": 20, "action_time": "2015-07-30T01:13:38.897Z"}}, {"pk": 84, "model": "admin.logentry", "fields": {"object_id": "5", "user": 1, "action_flag": 1, "change_message": "", "object_repr": "Wednesday Morning Health Check", "content_type": 20, "action_time": "2015-07-30T01:13:48.662Z"}}, {"pk": 85, "model": "admin.logentry", "fields": {"object_id": "6", "user": 1, "action_flag": 1, "change_message": "", "object_repr": "Friday Morning Health Check", "content_type": 20, "action_time": "2015-07-30T01:14:03.351Z"}}, {"pk": 86, "model": "admin.logentry", "fields": {"object_id": "7", "user": 1, "action_flag": 1, "change_message": "", "object_repr": "Monday evening Standby", "content_type": 20, "action_time": "2015-07-30T01:15:18.026Z"}}, {"pk": 87, "model": "admin.logentry", "fields": {"object_id": "8", "user": 1, "action_flag": 1, "change_message": "", "object_repr": "Tuesday evening Standby", "content_type": 20, "action_time": "2015-07-30T01:15:27.963Z"}}, {"pk": 88, "model": "admin.logentry", "fields": {"object_id": "9", "user": 1, "action_flag": 1, "change_message": "", "object_repr": "Wednesday evening Restarts", "content_type": 20, "action_time": "2015-07-30T01:15:38.496Z"}}, {"pk": 89, "model": "admin.logentry", "fields": {"object_id": "10", "user": 1, "action_flag": 1, "change_message": "", "object_repr": "Thursday evening Standby", "content_type": 20, "action_time": "2015-07-30T01:15:50.010Z"}}, {"pk": 90, "model": "admin.logentry", "fields": {"object_id": "11", "user": 1, "action_flag": 1, "change_message": "", "object_repr": "Friday evening Standby", "content_type": 20, "action_time": "2015-07-30T01:18:05.669Z"}}, {"pk": 91, "model": "admin.logentry", "fields": {"object_id": "9", "user": 1, "action_flag": 2, "change_message": "Changed user.", "object_repr": "Wednesday evening Restarts", "content_type": 20, "action_time": "2015-07-31T02:56:08.271Z"}}, {"pk": 92, "model": "admin.logentry", "fields": {"object_id": "11", "user": 1, "action_flag": 2, "change_message": "Changed user.", "object_repr": "Friday evening Standby", "content_type": 20, "action_time": "2015-07-31T02:56:25.473Z"}}, {"pk": 93, "model": "admin.logentry", "fields": {"object_id": "7", "user": 1, "action_flag": 1, "change_message": "", "object_repr": "sandhya", "content_type": 4, "action_time": "2015-07-31T08:42:50.216Z"}}, {"pk": 94, "model": "admin.logentry", "fields": {"object_id": "7", "user": 1, "action_flag": 2, "change_message": "Changed groups.", "object_repr": "sandhya", "content_type": 4, "action_time": "2015-07-31T08:43:01.299Z"}}, {"pk": 95, "model": "admin.logentry", "fields": {"object_id": "8", "user": 1, "action_flag": 1, "change_message": "", "object_repr": "sunil", "content_type": 4, "action_time": "2015-07-31T08:43:18.097Z"}}, {"pk": 96, "model": "admin.logentry", "fields": {"object_id": "8", "user": 1, "action_flag": 2, "change_message": "Changed groups.", "object_repr": "sunil", "content_type": 4, "action_time": "2015-07-31T08:43:28.588Z"}}, {"pk": 97, "model": "admin.logentry", "fields": {"object_id": "9", "user": 1, "action_flag": 2, "change_message": "Changed status, estimated_finish and type.", "object_repr": "Consent trans failed-01924", "content_type": 19, "action_time": "2015-08-02T23:16:50.518Z"}}, {"pk": 98, "model": "admin.logentry", "fields": {"object_id": "8", "user": 1, "action_flag": 2, "change_message": "Changed estimated_finish and type.", "object_repr": "uD and uDM trans failed", "content_type": 19, "action_time": "2015-08-02T23:16:58.317Z"}}, {"pk": 99, "model": "admin.logentry", "fields": {"object_id": "7", "user": 1, "action_flag": 2, "change_message": "Changed type.", "object_repr": "Consent Errors - BEA-382513", "content_type": 19, "action_time": "2015-08-02T23:17:05.690Z"}}, {"pk": 100, "model": "admin.logentry", "fields": {"object_id": "3", "user": 1, "action_flag": 2, "change_message": "Changed estimated_finish and type.", "object_repr": "DLQ msgs stuck in \u2018S\u2019 state ", "content_type": 19, "action_time": "2015-08-02T23:17:17.653Z"}}, {"pk": 101, "model": "admin.logentry", "fields": {"object_id": "9", "user": 1, "action_flag": 1, "change_message": "", "object_repr": "Sandhya", "content_type": 12, "action_time": "2015-08-02T23:39:41.769Z"}}, {"pk": 102, "model": "admin.logentry", "fields": {"object_id": "2", "user": 1, "action_flag": 3, "change_message": "", "object_repr": "TOm", "content_type": 12, "action_time": "2015-08-02T23:39:50.167Z"}}, {"pk": 103, "model": "admin.logentry", "fields": {"object_id": "18", "user": 1, "action_flag": 2, "change_message": "Changed updates and type.", "object_repr": "Log File Inventory", "content_type": 19, "action_time": "2015-08-03T02:35:07.509Z"}}, {"pk": 104, "model": "admin.logentry", "fields": {"object_id": "17", "user": 1, "action_flag": 2, "change_message": "Changed updates and type.", "object_repr": "Missing Codes KT", "content_type": 19, "action_time": "2015-08-03T02:35:11.755Z"}}, {"pk": 105, "model": "admin.logentry", "fields": {"object_id": "16", "user": 1, "action_flag": 2, "change_message": "Changed updates and type.", "object_repr": "OAM False Alerts", "content_type": 19, "action_time": "2015-08-03T02:35:15.302Z"}}, {"pk": 106, "model": "admin.logentry", "fields": {"object_id": "15", "user": 1, "action_flag": 2, "change_message": "Changed updates and type.", "object_repr": "OSB Common Hogging Threads", "content_type": 19, "action_time": "2015-08-03T02:35:19.120Z"}}, {"pk": 107, "model": "admin.logentry", "fields": {"object_id": "14", "user": 1, "action_flag": 2, "change_message": "Changed updates and type.", "object_repr": "ODSM Hogging Threads", "content_type": 19, "action_time": "2015-08-03T02:35:22.503Z"}}, {"pk": 108, "model": "admin.logentry", "fields": {"object_id": "13", "user": 1, "action_flag": 2, "change_message": "Changed updates and type.", "object_repr": "OES Health Check Status", "content_type": 19, "action_time": "2015-08-03T02:35:26.499Z"}}, {"pk": 109, "model": "admin.logentry", "fields": {"object_id": "12", "user": 1, "action_flag": 2, "change_message": "Changed updates and type.", "object_repr": "Job List Update", "content_type": 19, "action_time": "2015-08-03T02:35:30.290Z"}}, {"pk": 110, "model": "admin.logentry", "fields": {"object_id": "12", "user": 1, "action_flag": 2, "change_message": "No fields changed.", "object_repr": "Job List Update", "content_type": 19, "action_time": "2015-08-03T02:35:34.733Z"}}, {"pk": 111, "model": "admin.logentry", "fields": {"object_id": "11", "user": 1, "action_flag": 2, "change_message": "Changed updates and type.", "object_repr": "OEM Clean Up", "content_type": 19, "action_time": "2015-08-03T02:35:38.178Z"}}, {"pk": 112, "model": "admin.logentry", "fields": {"object_id": "10", "user": 1, "action_flag": 2, "change_message": "Changed updates and type.", "object_repr": "OAAM Log Parser Monitor", "content_type": 19, "action_time": "2015-08-03T02:35:42.637Z"}}, {"pk": 113, "model": "admin.logentry", "fields": {"object_id": "19", "user": 1, "action_flag": 2, "change_message": "Changed updates and type.", "object_repr": "Patch Report", "content_type": 19, "action_time": "2015-08-03T02:36:20.704Z"}}, {"pk": 114, "model": "admin.logentry", "fields": {"object_id": "18", "user": 1, "action_flag": 2, "change_message": "Changed type.", "object_repr": "Log File Inventory", "content_type": 19, "action_time": "2015-08-03T02:36:28.329Z"}}, {"pk": 115, "model": "admin.logentry", "fields": {"object_id": "17", "user": 1, "action_flag": 2, "change_message": "Changed type.", "object_repr": "Missing Codes KT", "content_type": 19, "action_time": "2015-08-03T02:36:33.300Z"}}, {"pk": 116, "model": "admin.logentry", "fields": {"object_id": "16", "user": 1, "action_flag": 2, "change_message": "Changed type.", "object_repr": "OAM False Alerts", "content_type": 19, "action_time": "2015-08-03T02:36:39.165Z"}}, {"pk": 117, "model": "admin.logentry", "fields": {"object_id": "15", "user": 1, "action_flag": 2, "change_message": "Changed type.", "object_repr": "OSB Common Hogging Threads", "content_type": 19, "action_time": "2015-08-03T02:36:43.850Z"}}, {"pk": 118, "model": "admin.logentry", "fields": {"object_id": "14", "user": 1, "action_flag": 2, "change_message": "Changed type.", "object_repr": "ODSM Hogging Threads", "content_type": 19, "action_time": "2015-08-03T02:36:53.007Z"}}, {"pk": 119, "model": "admin.logentry", "fields": {"object_id": "13", "user": 1, "action_flag": 2, "change_message": "Changed type.", "object_repr": "OES Health Check Status", "content_type": 19, "action_time": "2015-08-03T02:36:58.144Z"}}, {"pk": 120, "model": "admin.logentry", "fields": {"object_id": "12", "user": 1, "action_flag": 2, "change_message": "Changed type.", "object_repr": "Job List Update", "content_type": 19, "action_time": "2015-08-03T02:37:03.576Z"}}, {"pk": 121, "model": "admin.logentry", "fields": {"object_id": "11", "user": 1, "action_flag": 2, "change_message": "Changed type.", "object_repr": "OEM Clean Up", "content_type": 19, "action_time": "2015-08-03T02:37:08.649Z"}}, {"pk": 122, "model": "admin.logentry", "fields": {"object_id": "10", "user": 1, "action_flag": 2, "change_message": "Changed type.", "object_repr": "OAAM Log Parser Monitor", "content_type": 19, "action_time": "2015-08-03T02:37:13.371Z"}}, {"pk": 123, "model": "admin.logentry", "fields": {"object_id": "20", "user": 1, "action_flag": 2, "change_message": "Changed updates and type.", "object_repr": "Duplicate Alerts", "content_type": 19, "action_time": "2015-08-03T02:48:02.425Z"}}, {"pk": 124, "model": "admin.logentry", "fields": {"object_id": "7", "user": 1, "action_flag": 3, "change_message": "", "object_repr": "Finished initial draft of Prod Ops website", "content_type": 7, "action_time": "2015-08-03T02:50:26.727Z"}}, {"pk": 125, "model": "admin.logentry", "fields": {"object_id": "6", "user": 1, "action_flag": 3, "change_message": "", "object_repr": "This is me first title creation", "content_type": 7, "action_time": "2015-08-03T02:50:26.758Z"}}, {"pk": 126, "model": "admin.logentry", "fields": {"object_id": "5", "user": 1, "action_flag": 3, "change_message": "", "object_repr": "What is CSS?", "content_type": 7, "action_time": "2015-08-03T02:50:26.773Z"}}, {"pk": 127, "model": "admin.logentry", "fields": {"object_id": "3", "user": 1, "action_flag": 3, "change_message": "", "object_repr": "Sample title v2", "content_type": 7, "action_time": "2015-08-03T02:50:26.789Z"}}, {"pk": 128, "model": "admin.logentry", "fields": {"object_id": "2", "user": 1, "action_flag": 3, "change_message": "", "object_repr": "Sample title", "content_type": 7, "action_time": "2015-08-03T02:50:26.805Z"}}, {"pk": 129, "model": "admin.logentry", "fields": {"object_id": "1", "user": 1, "action_flag": 3, "change_message": "", "object_repr": "This is my title", "content_type": 7, "action_time": "2015-08-03T02:50:26.836Z"}}, {"pk": 130, "model": "admin.logentry", "fields": {"object_id": "21", "user": 1, "action_flag": 2, "change_message": "Changed updates and type.", "object_repr": "Traffic Health Check", "content_type": 19, "action_time": "2015-08-03T03:18:18.003Z"}}, {"pk": 131, "model": "admin.logentry", "fields": {"object_id": "9", "user": 1, "action_flag": 1, "change_message": "", "object_repr": "deb", "content_type": 4, "action_time": "2015-08-03T04:34:14.591Z"}}, {"pk": 132, "model": "admin.logentry", "fields": {"object_id": "9", "user": 1, "action_flag": 2, "change_message": "Changed groups.", "object_repr": "deb", "content_type": 4, "action_time": "2015-08-03T04:34:21.537Z"}}, {"pk": 133, "model": "admin.logentry", "fields": {"object_id": "22", "user": 1, "action_flag": 2, "change_message": "Changed updates and type.", "object_repr": "Test", "content_type": 19, "action_time": "2015-08-03T05:00:12.878Z"}}, {"pk": 134, "model": "admin.logentry", "fields": {"object_id": "10", "user": 1, "action_flag": 1, "change_message": "", "object_repr": "deepti", "content_type": 4, "action_time": "2015-08-03T07:41:55.190Z"}}, {"pk": 135, "model": "admin.logentry", "fields": {"object_id": "10", "user": 1, "action_flag": 2, "change_message": "Changed groups.", "object_repr": "deepti", "content_type": 4, "action_time": "2015-08-03T07:42:01.593Z"}}, {"pk": 136, "model": "admin.logentry", "fields": {"object_id": "1", "user": 1, "action_flag": 1, "change_message": "", "object_repr": "Taken to CAB", "content_type": 21, "action_time": "2015-08-04T04:51:29.136Z"}}, {"pk": 137, "model": "admin.logentry", "fields": {"object_id": "2", "user": 1, "action_flag": 1, "change_message": "", "object_repr": "Clean up the OpsVM", "content_type": 21, "action_time": "2015-08-04T04:52:02.672Z"}}, {"pk": 138, "model": "admin.logentry", "fields": {"object_id": "3", "user": 1, "action_flag": 1, "change_message": "", "object_repr": "Extract job lists", "content_type": 21, "action_time": "2015-08-04T04:52:17.996Z"}}, {"pk": 139, "model": "admin.logentry", "fields": {"object_id": "4", "user": 1, "action_flag": 1, "change_message": "", "object_repr": "Consult with TA", "content_type": 21, "action_time": "2015-08-04T04:52:44.339Z"}}, {"pk": 140, "model": "admin.logentry", "fields": {"object_id": "5", "user": 1, "action_flag": 1, "change_message": "", "object_repr": "CR to be raised for restart", "content_type": 21, "action_time": "2015-08-04T04:53:01.674Z"}}, {"pk": 141, "model": "admin.logentry", "fields": {"object_id": "6", "user": 1, "action_flag": 1, "change_message": "", "object_repr": "No current action", "content_type": 21, "action_time": "2015-08-04T04:53:24.770Z"}}, {"pk": 142, "model": "admin.logentry", "fields": {"object_id": "7", "user": 1, "action_flag": 1, "change_message": "", "object_repr": "Raise SR", "content_type": 21, "action_time": "2015-08-04T04:53:49.131Z"}}, {"pk": 143, "model": "admin.logentry", "fields": {"object_id": "8", "user": 1, "action_flag": 1, "change_message": "", "object_repr": "No current action", "content_type": 21, "action_time": "2015-08-04T04:54:23.012Z"}}, {"pk": 144, "model": "admin.logentry", "fields": {"object_id": "9", "user": 1, "action_flag": 1, "change_message": "", "object_repr": "Naeem to schedule", "content_type": 21, "action_time": "2015-08-04T04:54:44.418Z"}}, {"pk": 145, "model": "admin.logentry", "fields": {"object_id": "10", "user": 1, "action_flag": 1, "change_message": "", "object_repr": "Completed", "content_type": 21, "action_time": "2015-08-04T04:55:07.793Z"}}, {"pk": 146, "model": "admin.logentry", "fields": {"object_id": "11", "user": 1, "action_flag": 1, "change_message": "", "object_repr": "Create non prod solution", "content_type": 21, "action_time": "2015-08-04T04:56:08.690Z"}}, {"pk": 147, "model": "admin.logentry", "fields": {"object_id": "12", "user": 1, "action_flag": 1, "change_message": "", "object_repr": "Need to wait for alert", "content_type": 21, "action_time": "2015-08-04T04:56:35.155Z"}}, {"pk": 148, "model": "admin.logentry", "fields": {"object_id": "13", "user": 1, "action_flag": 1, "change_message": "", "object_repr": "Initial Investigation", "content_type": 21, "action_time": "2015-08-04T04:57:24.777Z"}}, {"pk": 149, "model": "admin.logentry", "fields": {"object_id": "9", "user": 1, "action_flag": 2, "change_message": "Changed title.", "object_repr": "Consent trans failed-01924", "content_type": 19, "action_time": "2015-08-04T04:58:22.103Z"}}, {"pk": 150, "model": "admin.logentry", "fields": {"object_id": "8", "user": 1, "action_flag": 2, "change_message": "Changed title.", "object_repr": "uD and uDM trans failed", "content_type": 19, "action_time": "2015-08-04T04:58:36.335Z"}}, {"pk": 151, "model": "admin.logentry", "fields": {"object_id": "7", "user": 1, "action_flag": 2, "change_message": "Changed title.", "object_repr": "Consent Errors - BEA-382513", "content_type": 19, "action_time": "2015-08-04T04:58:45.051Z"}}, {"pk": 152, "model": "admin.logentry", "fields": {"object_id": "6", "user": 1, "action_flag": 3, "change_message": "", "object_repr": "Title", "content_type": 19, "action_time": "2015-08-04T04:58:54.139Z"}}, {"pk": 153, "model": "admin.logentry", "fields": {"object_id": "3", "user": 1, "action_flag": 2, "change_message": "Changed title.", "object_repr": "DLQ msgs stuck in \u2018S\u2019 state ", "content_type": 19, "action_time": "2015-08-04T04:59:00.248Z"}}, {"pk": 154, "model": "admin.logentry", "fields": {"object_id": "2", "user": 1, "action_flag": 3, "change_message": "", "object_repr": "Title", "content_type": 19, "action_time": "2015-08-04T04:59:08.053Z"}}, {"pk": 155, "model": "admin.logentry", "fields": {"object_id": "14", "user": 1, "action_flag": 1, "change_message": "", "object_repr": "In Progress", "content_type": 21, "action_time": "2015-08-04T04:59:28.104Z"}}, {"pk": 156, "model": "admin.logentry", "fields": {"object_id": "15", "user": 1, "action_flag": 1, "change_message": "", "object_repr": "No new occurences", "content_type": 21, "action_time": "2015-08-04T04:59:43.581Z"}}, {"pk": 157, "model": "admin.logentry", "fields": {"object_id": "16", "user": 1, "action_flag": 1, "change_message": "", "object_repr": "In monitoring post R6", "content_type": 21, "action_time": "2015-08-04T05:00:12.917Z"}}, {"pk": 158, "model": "admin.logentry", "fields": {"object_id": "17", "user": 1, "action_flag": 1, "change_message": "", "object_repr": "Investigation in progress", "content_type": 21, "action_time": "2015-08-04T05:00:29.936Z"}}, {"pk": 159, "model": "admin.logentry", "fields": {"object_id": "11", "user": 1, "action_flag": 1, "change_message": "", "object_repr": "ravi", "content_type": 4, "action_time": "2015-08-13T00:34:39.817Z"}}, {"pk": 160, "model": "admin.logentry", "fields": {"object_id": "11", "user": 1, "action_flag": 2, "change_message": "Changed groups.", "object_repr": "ravi", "content_type": 4, "action_time": "2015-08-13T00:34:50.140Z"}}]